{
    "forge_marker": 1,
    "variants": {
        "fluid": {
            "model": "forge:fluid",
            "custom": { "fluid": "teer" }
        },
        
        "inventory": {
            "model": "forge:forgebucket",
            "textures": {
                "base": "forge:items/bucket_base",
                "fluid": "modding:item/teer_eimer",
                "cover": "forge:item/bucket_cover"
            },
            "transform": "forge:default-item",
            "custom": {
                "fluid": "teer",
                "flipGas": true
            }
        }
    }
}